Job ID,Job Title,Company,Detail URL,Posted Label,Hours Old,Posted Datetime (Local),Location,Category,Work Type,Salary,Ad Text
88295320,Senior Learning & Development Consultant,Mirvac,https://www.seek.com.au/job/88295320?type=standard&ref=search-standalone&origin=jobCard#sol=0e461b3c3a6cedc6c91097b9648ee2ea79d87f31,1h ago,1.0,2025-11-04T04:00:00+00:00,Sydney NSW (Hybrid),Training & Development (Human Resources & Recruitment),Full time,,"Mirvac is a brand that creates and curates' better experiences. We are more than developers or builders - we are visionaries, and our ability to see the world differently drives us to be bold, embrace innovation and diversity, and lead with optimism.

As creators of positive change, we see each new project as an opportunity to leave a lasting legacy, delivering enduring value for all Australians. We focus on sustainability, innovation, and shared value, to return benefits to our customers, partners, investors, and communities.

Join us as we work towards building the imagine nation.


Why this role matters

This is more than a traditional L&D role. You'll be at the forefront of designing and delivering cutting-edge learning experiences that empower our people and align with Mirvac's strategic vision. You'll collaborate across teams, harness emerging trends, and create programs that spark curiosity, build capability, and unlock potential.


What you'll do

Lead with impact: Own end-to-end delivery of high-profile L&D projects that shape the future of work at Mirvac.
Discover and design: Use data-driven insights to identify learning needs and craft tailored solutions that drive real change.
Create experiences: Develop immersive, blended learning programs-from hands-on workshops to digital-first solutions-that energise and engage.
Facilitate transformation: Deliver dynamic sessions that inspire leaders and teams to think differently and grow confidently.
Measure what matters: Implement smart evaluation tools to track outcomes, demonstrate ROI, and continuously evolve our approach.
Partner for progress: Build trusted relationships across the business to ensure learning is aligned, relevant, and future-focused.
Stay ahead: Bring fresh thinking from the L&D landscape to keep Mirvac at the cutting edge of capability development.
Coach and mentor: Support individuals on their growth journeys with meaningful guidance and career development support.
Adapt and evolve: Embrace change and take on new challenges with agility and a solutions-focused mindset.


What sets you apart

You're a strategic thinker with a passion for learning innovation. You bring:
A relevant qualification in HR, Education, Organisational Development or similar.
7+ years of experience designing and delivering impactful learning programs.
Strong project management skills and the ability to juggle multiple priorities.
Exceptional facilitation and communication skills that connect with diverse audiences.
A collaborative spirit and the ability to influence stakeholders at all levels.
A growth mindset and a drive for continuous improvement."
88294770,Head of Digital,Sarah Group,https://www.seek.com.au/job/88294770?type=standard&ref=search-standalone&origin=jobCard#sol=b51afbd6a3ee2a84cede0520c7b420d16b8320e9,2h ago,2.0,2025-11-04T03:00:00+00:00,"Eastwood, Adelaide SA",Management (Information & Communication Technology),Full time,,"About Us:

Sarah Group is a diversified construction and property group, leading a collective of companies with a strong reputation across the industry.

Established in 1961, we‚Äôre driven by a commitment to deliver exceptional experiences and create distinctive value. At the heart of everything we do is our purpose to build thriving and sustainable communities.




Reporting to the Group Chief Financial Officer, we are seeking a digital leader to shape and drive Sarah Group‚Äôs digital transformation. Our vision is to elevate, integrate and embed digital construction, artificial intelligence, and data analytics across our organisation and become the industry benchmark in these emerging capabilities.




The Role¬†

This role will partner with executive leadership to prioritise digital investments, champion innovation, and embed a culture of data-driven decision making. This role will help position Sarah Group as the industry benchmark for digital excellence in construction. You will be responsible for:¬†

Oversee and lead the Transformation and Data teams within Sarah Group.

Lead and execute a group-wide digital strategy aligned with business growth.¬†

Define the digital vision and roadmap for technology-driven transformation.

Partner with executives to set digital investment priorities and business cases.

Drive a culture of digital adoption and innovation across the organisation.¬†

Lead data strategy, governance, and analytics to enable informed decisions.¬†

Lead digital capability uplift across the workforce through training, change management, and leadership development.¬†

Leverage technology to enhance sustainability, safety, and community outcomes¬†

Optimise data infrastructure and unlock new value through data monetisation.¬†

Develop AI/ML strategies and scalable solutions to enhance project outcomes.¬†

Ensure ethical, transparent, and responsible use of AI technologies.¬†

Integrate digital construction technologies (BIM, IoT, drones, etc.) across projects.¬†

Oversee PMO delivery of digital initiatives with robust governance and performance tracking, partnering with other departments for cross collaboration opportunities to enhance delivery outcomes.¬†

Build strong partnerships with internal leaders and external technology partners.¬†

Foster high-performing, innovative teams that embody company values and continuous improvement.¬†




About You¬†

We‚Äôre looking for an experienced digital leader who combines strategic vision with hands-on delivery. You know how to translate technology potential into real business outcomes and thrive in environments where innovation and transformation are key.¬†




Qualifications, Experience & Skills¬†

Bachelor‚Äôs degree in Engineering, Computer Science, Data Science, Construction Management, or related field (Master‚Äôs preferred).¬†

10+ years‚Äô experience in digital transformation, data analytics, or construction technology, including 5+ years in leadership.¬†

Proven success leading large-scale technology initiatives and organisational change within construction, engineering, or infrastructure sectors.¬†

Strong knowledge of data architecture, analytics platforms, AI/ML applications, and digital construction tools (e.g., BIM, digital twins, IoT).¬†

Proficient in business intelligence, data visualisation, and cloud technologies (Azure, AWS, or GCP).¬†

Skilled in strategic planning, business case development, and digital project delivery using agile and waterfall methods.¬†

Strategic thinker with strong business acumen and results-driven mindset.¬†

Excellent leadership, communication, and stakeholder management abilities.

Collaborative, adaptable, and comfortable leading through change and ambiguity.¬†

High integrity, analytical mindset, and customer-focused approach to delivering value.¬†




Our Unique Value¬†

Alongside a high-performing team within a great working environment, we offer the following:¬†

Purpose-built office located five minutes from the Adelaide CBD, in Eastwood¬†

Generous leave entitlements including additional leave, volunteer leave, and paid parental leave¬†

Initiatives to drive a connected and collaborative team culture¬†¬†

Internal training organisation and bespoke development programs¬†

Professional development and training allowance¬†

Regular team social events and casual Fridays¬†

Salary continuance insurance¬†

Access to Novated Lease agreements¬†




In addition, our Health & Wellbeing Program includes:¬†

Annual on-site flu vaccinations and health checks¬†

$500 wellbeing allowance¬†

Bi-monthly massages¬†

Employee Assistance Program (EAP)¬†

Specialist wellbeing support¬†

Wellbeing room and facilities¬†

Fresh fruit and healthy snacks stocked weekly¬†




All applications are managed through our employment website; just follow the ‚ÄòApply for this job‚Äô link to submit or access more information.¬†

For a confidential discussion, please contact Tahnee Curzon, Group Manager ‚Äì Human Resources, tahnee.curzon@sarahgroup.com.au¬†¬†

Applications will remain open until Monday 24th November 2025, or until the position is filled.¬†




At Sarah Group we are an equal opportunity employer, and we encourage a diverse range of people to apply for our positions."
88293736,Senior Risk Manager,Compliance & Risk Management Recruitment,https://www.seek.com.au/job/88293736?type=standard&ref=search-standalone&origin=jobCard#sol=c1962f036b9244ded93c6a7756ed51f0cd577fa3,2h ago,2.0,2025-11-04T03:00:00+00:00,Sydney NSW (Hybrid),Compliance & Risk (Banking & Financial Services),Full time,"$200,000 - $210,000 + Super","We're partnering with a well-known, ASX-listed services group undergoing modernisation and uplift. They're seeking a Senior Risk Manager to lead Line 2 advisory, sharpen risk culture, and deliver crisp, insight-led reporting to executives and the Board.
¬†
Why this role matters

Shape and execute the Risk Management Framework & Risk Appetite for a complex, customer-centric business.
Turn data into decisions: produce forward-looking, commercially relevant insights for senior leadership.
Own ""risk in change"" across key programmes and support incident management with clear root-cause actions.
Coach and uplift stakeholders; be the trusted advisor the business turns to first.
What you'll do

Provide independent oversight, challenge and pragmatic risk advice across business units.
Build data-driven reporting for ELT/Board (including high-incident summaries).
Support transformation initiatives and continuous improvement in risk processes.
Enable effective use of the GRC platform (e.g., dashboards, reporting, user enablement).
Deliver targeted training and strengthen risk ownership in the first line.
What you bring

Significant Line 2 (or Line 1/audit) experience in complex, regulated or listed environments.
A sharp commercial lens, excellent written communication, and senior stakeholder confidence.
Strength in analytics and turning the ""so what?"" into clear actions.
Familiarity with GRC tools
Relevant degree; professional certifications (e.g., CPA/ACA/CIA or risk postgraduate) valued.
What's on offer

Impact at executive level, visibility with ELT/Board, and the chance to cement risk culture during an exciting uplift phase.
Hybrid work and a collaborative, down-to-earth team.
Send your CV or a quick note to¬†Andrew Douglas¬†‚Äî andrew@crmrecruitment.com.au | +61 447 989 352"
88291698,Senior PMO Consultant (Contract),Seven Consulting Pty Limited,https://www.seek.com.au/job/88291698?type=standard&ref=search-standalone&origin=jobCard#sol=cd911335300feb56baa7779396b5cf1103b1e0b5,3h ago,3.0,2025-11-04T02:00:00+00:00,Sydney NSW (Hybrid),Programme & Project Management (Information & Communication Technology),Contract/Temp,,"Ready to turn raw project data into crystal-clear insights, coach a PMO crew, and keep $1B programs flying straight? Join Seven Consulting as a full-time Senior PMO Consultant and put our three non-negotiables‚Äîteamwork, transparency, delivery‚Äîto work for Australia‚Äôs blue-chip giants.




Why This Role Matters




Teamwork ‚Äì connect execs, vendors and delivery teams into one high-trust unit.

Transparency ‚Äì build dashboards that surface risks before the steer-co even asks.

Delivery ‚Äì we walk the talk: 98.69% client satisfaction, 96.86% team satisfaction.




About Seven Consulting




Since 2002 we‚Äôve steered A$1 million ‚Äì A$1.4 billion tech transformations for ASX leaders from Sydney, Melbourne and Manila. Privately owned. Fiercely independent. Laser-focused on outcomes‚Äîtogether.




Your Mission




Support & optimise PMOs across projects, programs and portfolios.

Uplift maturity‚Äîrefine processes, tools and metrics that make governance hum.

Own governance‚Äîschedule, cost, RAID, benefits: nothing slips.

Coach peers‚Äîmotivate, guide and upskill PMO analysts and coordinators.

Influence up‚Äîtranslate data into clear, decision-ready insights for senior stakeholders.

Stay cool‚Äîyour composure steadies the room when stakes spike.




What You Bring




Proven wins adding value within project, program or portfolio PMOs.

Track record guiding traditional and agile initiatives.

7 + years refining governance & controls that actually work.

Stakeholder-wrangling skills‚Äîfrom stand-up to boardroom.

Energy, resilience and references that highlight integrity & delivery focus.




What We Offer




Teamwork culture‚Äîpeer reviews, mentoring, zero silos.

Transparent growth‚Äîtailored dev plans, funded training.

Delivery rewards‚Äîtop-quartile pay, paid overtime.

Real support during personal hardships.

Give-back opportunities through our Project 7 charity initiative.




Diversity, Equity & Inclusion




Great PMO minds come from everywhere. Whatever your background, you‚Äôre welcome here.




Ready to Raise the Bar?




If building high-trust PMOs, telling it straight and landing programs with zero surprises is your thing, apply online or call HR on (03) 9617 8200 for a confidential chat.




See our culture in numbers: Team Satisfaction Survey




Architect teamwork. Amplify transparency. Deliver, full stop."
88291653,Senior PMO Consultant (Contract),Seven Consulting Pty Limited,https://www.seek.com.au/job/88291653?type=standard&ref=search-standalone&origin=jobCard#sol=ac4b5d7b4a71a4f0d7a2f30a7132dae8c706a82b,3h ago,3.0,2025-11-04T02:00:00+00:00,Melbourne VIC (Hybrid),Programme & Project Management (Information & Communication Technology),Contract/Temp,,"Ready to turn raw project data into crystal-clear insights, coach a PMO crew, and keep $1B programs flying straight? Join Seven Consulting as a full-time Senior PMO Consultant and put our three non-negotiables‚Äîteamwork, transparency, delivery‚Äîto work for Australia‚Äôs blue-chip giants.




Why This Role Matters




Teamwork ‚Äì connect execs, vendors and delivery teams into one high-trust unit.

Transparency ‚Äì build dashboards that surface risks before the steer-co even asks.

Delivery ‚Äì we walk the talk: 98.69% client satisfaction, 96.86% team satisfaction.




About Seven Consulting




Since 2002 we‚Äôve steered A$1 million ‚Äì A$1.4 billion tech transformations for ASX leaders from Sydney, Melbourne and Manila. Privately owned. Fiercely independent. Laser-focused on outcomes‚Äîtogether.




Your Mission




Support & optimise PMOs across projects, programs and portfolios.

Uplift maturity‚Äîrefine processes, tools and metrics that make governance hum.

Own governance‚Äîschedule, cost, RAID, benefits: nothing slips.

Coach peers‚Äîmotivate, guide and upskill PMO analysts and coordinators.

Influence up‚Äîtranslate data into clear, decision-ready insights for senior stakeholders.

Stay cool‚Äîyour composure steadies the room when stakes spike.




What You Bring




Proven wins adding value within project, program or portfolio PMOs.

Track record guiding traditional and agile initiatives.

7 + years refining governance & controls that actually work.

Stakeholder-wrangling skills‚Äîfrom stand-up to boardroom.

Energy, resilience and references that highlight integrity & delivery focus.




What We Offer




Teamwork culture‚Äîpeer reviews, mentoring, zero silos.

Transparent growth‚Äîtailored dev plans, funded training.

Delivery rewards‚Äîtop-quartile pay, paid overtime.

Real support during personal hardships.

Give-back opportunities through our Project 7 charity initiative.




Diversity, Equity & Inclusion




Great PMO minds come from everywhere. Whatever your background, you‚Äôre welcome here.




Ready to Raise the Bar?




If building high-trust PMOs, telling it straight and landing programs with zero surprises is your thing, apply online or call HR on (03) 9617 8200 for a confidential chat.




See our culture in numbers: Team Satisfaction Survey




Architect teamwork. Amplify transparency. Deliver, full stop."
88291632,Data Governance Manager,Australian Retirement Trust,https://www.seek.com.au/job/88291632?type=standard&ref=search-standalone&origin=jobCard#sol=1bb48f5ea21f0469b63bea197f30a440df36a779,3h ago,3.0,2025-11-04T02:00:00+00:00,Brisbane QLD (Hybrid),Other (Information & Communication Technology),Full time,,"Take hold of a monster opportunity and join our Data and AI team as a Data Governance Manager.‚ÄØ If you‚Äôre a good fit for this role and live in Brisbane, Sydney or Melbourne, we‚Äôd love you to apply.¬†

Why join us?

You'll get 14% super as standard, to help your future come alive.
Unleash your potential and build a career to be proud of through excellent training and development opportunities.
Balance your work between in-person days at our purpose-built hubs and working from home.
In the office, enjoy end of trip facilities, a yoga and multi-faith room, parent and carer rooms, quiet rooms, BrewHub coffee facilities, and collaborative team spaces.

About the role

We‚Äôre all about helping our members make the most of their money. And while they go after their goals, you can too. As a Data Governance Manager, you‚Äôll:¬†

¬†

Leading the design and implementation of enterprise data quality frameworks, policies, and standards.
Defining and monitoring data quality metrics, KPIs, and dashboards across critical data domains.
Collaborating with data owners, stewards, and custodians to embed data quality practices into business processes.
Overseeing data profiling, cleansing, and remediation initiatives.
Driving continuous improvement in data quality through root cause analysis and corrective actions.
Supporting the implementation and optimisation of data quality tools and platforms.
Providing strategic input into data governance and data management programs.
Ensuring alignment with regulatory requirements (e.g., APRA, ASIC, Privacy Act) and internal risk frameworks.

This role is a permanent opportunity.¬†

üìç¬†Location: Brisbane, Sydney or Melbourne.¬†

About you

It goes without saying you'll be a great communicator with top notch interpersonal skills. We'll also expect you to pick up problems and come up with quick, creative ways to solve them. It's quite likely you tick some of the following boxes too:¬†¬†

Proven experience in data quality management, data governance, or data operations.
Possess excellent people leadership skills.
Strong understanding of data quality dimensions, root cause analysis, and remediation techniques.
Experience with data quality tools (e.g., Informatica, Talend, Ataccama, Collibra).
Excellent stakeholder engagement and communication skills.
Ability to lead cross-functional initiatives and influence change.
Experience in superannuation, financial services, or regulated industries (desirable).
Familiarity with data governance frameworks (e.g., DAMA DMBOK) (desirable).
Knowledge of regulatory and compliance requirements related to data, and experience with cloud-based data platforms and modern data architectures (desirable).

About us

Our 2.4 million members trust us to take care of over $330 billion in retirement savings. And we help them take charge of their finances and face the future with confidence. Our inclusive culture means you‚Äôll be valued and heard in a respectful workplace. We've created an environment where you can be yourself and do amazing work. It's that simple.

Apply online now

Everyone is welcome to apply. We value diverse thinking, cultures, perspectives, backgrounds, and abilities. Awaken your career at Australian Retirement Trust and apply now. Applications close 11:30pm 11 November 2025.¬†

We don‚Äôt want to leave you with a monstrous wait. So, you‚Äôll hear from us after the closing date to find out whether you‚Äôve made it through to the next round or not. Being fair and up-front is important to us ‚Äì and recruitment is no different."
88291438,General Manager Data and Insights,Bupa,https://www.seek.com.au/job/88291438?type=standard&ref=search-standalone&origin=jobCard#sol=6ca3ae109d4d3c548b181e7d6d3c6735318a25bb,3h ago,3.0,2025-11-04T02:00:00+00:00,Melbourne VIC,Management (Information & Communication Technology),Full time,,"The opportunity:

¬†

Bupa‚Äôs global ambition is to be the world‚Äôs most customer centric healthcare organisation. As a global healthcare enterprise, we have a proud history of caring¬†for over 75 years and a clear purpose: ‚Äúhelping people live longer, healthier and happier lives and making a better working world‚Äù.¬†

¬†

The Health Services portfolio currently includes our Dental, Optical & Hearing, Health Care Centres as well as providing health care services on behalf of the Australian government to the Australian Defence Force and for visa assessments purposes. Our Health Services business is driving and accelerating our focus on expanding our health care offerings and increasing our owned provision footprint.¬†
¬†

The General Manager Data and Insights will assist the COO Health Services by leading the development and management of Data and Insights strategy, systems, and analytics. This role turns data into actionable insights to support strategic decisions and business growth, while overseeing the Data and Insights team, collaborating with senior leadership, and ensuring integration of data-driven solutions for optimal performance.
¬†

How will I help?

Lead and manage the Data and Insights team to ensure the development and implementation of a cohesive business intelligence strategy that aligns with organisational goals¬†
Define and execute the vision for initiatives, ensuring that data insights are integral to business decisions and performance optimisation¬†
Develop and communicate a clear roadmap for the organisation‚Äôs growth, setting priorities, timelines, and expected outcomes¬†
Oversee the architecture, development, and maintenance of relevant systems and platforms, ensuring the availability, accuracy, and timeliness of data
Manage tools, software, and technologies (e.g., Power BI) to meet business needs and enhance data visualisation and reporting capabilities¬†
Lead the creation of advanced analytics and reporting capabilities that provide actionable insights for key business functions, including marketing, finance, operations, and sales¬†
Work closely with HS stakeholders to understand their analytics needs and deliver tailored solutions that support strategic goals¬†
Collaborate with senior leadership and other business units to identify key performance indicators (KPIs), data requirements, and reporting needs to drive¬†
Manage the Data and Insights team budget, ensuring cost-effective solutions and technologies that align with the organisation‚Äôs financial resources and strategic priorities.

Why work at Bupa?

Our employees can access wide range of benefits: from our own products (incl. health insurance discounts) to many other products and services via our partnerships program (like Apple, Samsung, JB Hi-Fi, plus gym and spa discounts to name a few). We reward our people and celebrate their success, provide initiatives that develop careers and look after our people‚Äôs health, wellbeing, and futures.


¬†What do I need?

Extensive relevant experience in business intelligence, data analytics, consulting, engineering or related quantitative role¬†
Specific domain knowledge and expertise in data visualisation tools building enterprise reporting dashboards¬†
Expertise in digital analytics, digital channel technical architecture, data collection and integration¬†
Significant leadership experience translating insight into strategy and action¬†
Experience leading and scaling analytics, reporting and engineering teams¬†
Highly numeric with strong communication skills and the ability to communicate highly complex information in clear and simple language¬†
Ability to take ambiguous problems and solve them in a structured, hypothesis-driven, data-supported way.¬†
Experience in successfully partnering across functions in the development and implementation of strategies to deliver commercial outcomes within complex, matrix organisations¬†
Strong written and presentation skills and the ability to convert data into insight and prepare compelling, persuasive reports and presentations¬†
Solid understanding of data governance, security, and compliance requirement¬†
Experience with AI, machine learning, and advanced analytics techniques is a plus¬†


¬†About Bupa Asia Pacific:

¬†

At Bupa your wellbeing, identity, and personal story are respected and valued. We are continuing to build teams that reflect the diversity of the communities we serve. Bupa is committed to providing equal opportunities and fostering a workplace and environment that is free of discrimination, bullying and harassment.

We actively encourage applicants from all backgrounds and experiences, including Aboriginal and Torres Strait Islander peoples, veterans, people with disabilities, and LGBTQIA+ applicants.

We are dedicated to removing barriers to participation.¬†If you need any reasonable adjustments during the recruitment process, or if you‚Äôd like to discuss how this role can be flexible for you, please let us know so we can support your participation on an equitable basis‚Äô."
88290441,Senior Project Support Officer,Experis AU,https://www.seek.com.au/job/88290441?type=standard&ref=search-standalone&origin=jobCard#sol=06c1ff0154d7ace2ed55efbbfde29500963e1d6c,4h ago,4.0,2025-11-04T01:00:00+00:00,Melbourne VIC (Hybrid),Programme & Project Management (Information & Communication Technology),Contract/Temp,,"Our client is seeking an experienced Senior Project Support Officer to join their dynamic team. This role is pivotal in ensuring the successful delivery of complex, data driven projects by providing high-level support. Working closely with Delivery Leads and technical teams, you will ensure effective governance, planning, documentation, and stakeholder engagement throughout the project lifecycle.

This is a daily rate contract, with hybrid work opportunities.

Key Responsibilities:

Coordinate project activities across data modelling, integration, governance, and analytics workstreams.
Track progress against milestones, assisting with risk and issue management.
Support governance processes, including steering committee meetings and reporting.
Facilitate stakeholder engagement across faculties and business units, including workshops and presentations.
Liaise with data engineers, analysts, and architects to monitor technical deliverables and ensure alignment with data standards.

Essential Skill and Experience:

Demonstrated experience providing project coordination or support in large-scale digital, data, or technology projects.
Higher education experience is highly desirable
Proven experience in project coordination or support within data-focused initiatives (e.g., data integration, data governance, data analytics, or data modelling).
Strong organisational and time management skills with the ability to manage multiple priorities.
Excellent written communication skills for reports, briefs, and governance materials.
Familiarity with project management principles and tools (Agile, PRINCE2, or similar).

Nirmitha Piyaratne
Candidate Manager


ManpowerGroup is committed to being a Diversity Confident Recruiter and encourages applications from people from a diverse range of backgrounds, including people with a disability. Please indicate your preferred method of communication in your resume and please let us know if you require any reasonable adjustments should you be contacted for an interview.

Aboriginal and Torres Strait Islander people are encouraged to apply.

By submitting your resume and other personal information with this application you are consenting to this information being collected in line with our privacy policy. Follow the link to learn more - www.manpowergroup.com.au/privacy-policy

Experis Pty Ltd is a wholly owned subsidiary of ManpowerGroup

State: QLD, licensee/s Manpower Services (Australia) Pty Ltd, LHL-02026-D5L4Q. State: QLD, licensee/s Experis Pty Ltd, LHL-02014-Y5F6D. State: SA, licensee/s Manpower Services (Australia) Pty Ltd, LHS 288856"
88290125,Data Analyst,Future Generation JV,https://www.seek.com.au/job/88290125?type=standard&ref=search-standalone&origin=jobCard#sol=9045713d16efb76bc43a77f123ee4fa8fda5cd2e,4h ago,4.0,2025-11-04T01:00:00+00:00,"Cooma, Tumut, Snowy & Monaro NSW","Health, Safety & Environment (Construction)",Full time,,"Company description:



Future Generation Joint Venture (FGJV) is the principal contractor for Snowy Hydro's Snowy 2.0, Australia's largest committed renewable energy project. We bring the combined engineering expertise of three companies - Italy's Webuild (formerly Salini Impregilo), Australian-based Clough and US-based Lane Construction.

Snowy 2.0 is the next chapter in the Snowy Scheme's history. It is the largest committed renewable energy project in Australia and will provide on-demand energy and large-scale storage for many generations to come. This Iconic Project has and will continue to create its own legacy in Australian history.



Job description:



Are you passionate about transforming data into insights that protect people and the planet? We're looking for a HSE Data Analyst to join our QHSE team and help deliver one of Australia's most iconic infrastructure projects.

Why You'll Love This Role

‚úÖ Be the data powerhouse behind health, safety, and environmental performance
‚úÖ Work with cutting-edge tools like Power BI to create dashboards and reports that matter
‚úÖ Collaborate across teams and influence decisions that keep people safe and protect the environment
‚úÖ Enjoy a dynamic role where every insight counts

What You'll Do

üìä Collect, analyse, and interpret HSE data to identify trends and support risk management
üñ• Manage HSE management software and ensure data integrity across multiple sites
üìà Develop dashboards and reports that tell the story behind the numbers
üéì Train teams on data systems and champion best practices
üöÄ Stay ahead of industry trends and help us innovate

What We're Looking For

üéì Cert IV in Business Administration or related field (Workplace Health & Safety preferred)
üìÖ 3-5 years' experience in HSE administration
üíª Advanced Excel skills and Power BI super-user status
üîç A keen eye for detail, strong communication skills, and the ability to thrive in a fast-paced environment

What's in It for You

üåè Be part of a landmark project in the Snowy Mountains
ü§ù Work in a collaborative, forward-thinking team
üìö Opportunities for growth and development
üí° A role where your work truly makes a difference

Ready to turn data into action? Apply now and help us build a safer, more sustainable future!.



We offer:


The FGJV Retention Bonus Scheme
Employee Assistance Program (EAP)
Paid Parental Leave
Qantas Club Membership discounts
Professional Development"
88289831,Senior Business Analyst,Fyndr Group,https://www.seek.com.au/job/88289831?type=standard&ref=search-standalone&origin=jobCard#sol=fcac9345552899a02637388b0079d574ce267b2f,4h ago,4.0,2025-11-04T01:00:00+00:00,Sydney NSW (Hybrid),Business/Systems Analysts (Information & Communication Technology),Full time,Up to $140 to $160k base + super,"Senior Business Analyst ‚Äì Insurance SaaS Delivery
Location: Sydney CBD (Hybrid, 2‚Äì3 days in office)
Salary: $140k ‚Äì $160k base plus super
¬†¬†
Highly desirable

General insurance experience, policy or claims
Experience with SaaS products, familiar with the SDLC
Client facing background in consulting or similar
About the Role
We are seeking a Senior Business Analyst to work hands-on across complex insurance platform implementations. You will run discovery, shape requirements, and work closely with product and engineering teams to deliver successful outcomes for clients.
¬†¬†
You will work directly with senior stakeholders, present structured insights, and guide decisions across commercial and general insurance programs.
¬†¬†
Key Responsibilities

Work across discovery, analysis, and solution design for general insurance initiatives
Document clear and testable requirements and user stories
Facilitate workshops, clarify requirements, and remove ambiguity
Align business and technical stakeholders across the SDLC
Support delivery managers and product teams to ensure outcomes land on time
Contribute to continuous improvement across delivery processes and templates¬†¬†
Skills and Experience

6+ years as a Business Analyst
Commercial or general insurance experience (policy, claims, underwriting)
Strong stakeholder management and communication skills
Comfortable working in SaaS delivery and Agile environments
Hands-on experience with Jira, Confluence, and process modelling tools
Desirable

Experience with insurance platforms or policy admin systems
Exposure to integrations, reporting, or automation in insurance
Relevant BA or Agile certifications
Why Apply
This role suits someone who enjoys complex insurance work, hands-on delivery, and direct client interaction.

You will work in a modern insurance technology environment, hybrid CBD office, and a business that values clarity, speed, and high standards. You will see your work influence clients and product outcomes across the insurance domain."
88289765,Data Analyst - Power BI,Talenza,https://www.seek.com.au/job/88289765?type=standard&ref=search-standalone&origin=jobCard#sol=4150a1b8367f6c8126a67cd0190fd1f72f61dd49,4h ago,4.0,2025-11-04T01:00:00+00:00,Brisbane QLD (Hybrid),Database Development & Administration (Information & Communication Technology),Contract/Temp,$100 - $125 p.h.,"Data Analyst

Talenza's client is looking for a Data Analyst with strong Power BI and SQL experience - someone to design impactful dashboards, explore data with SQL, and help drive data literacy across the organisation.

Location: Brisbane, 2 days WFH

Employment Type: contract, 6 months + extension

Your role:

Gather and document reporting requirements from stakeholders.
Design, develop, and maintain Power BI dashboards using DAX and Power Query.
Use SQL for data exploration, validation, and analysis.
Collaborate on data models (star/snowflake) and ensure data accuracy.
Document processes, definitions, and reporting logic.
Deliver user training and support to promote self-service BI and data literacy.

Ideal Background:

Advanced Power BI features (DAX, Power Query, custom visuals...)
Strong SQL skills
Requirements management, documentation
user training.

Thank you for your interest. At Talenza we are passionate about providing equal employment opportunities and embracing diversity. Please note that we are only able to proceed with those who have full rights to work in Australia. Please apply directly or for a quicker response, contact Pierre Stordeur through LinkedIn"
88289722,FP&A Analyst,Vivi International Pty Ltd,https://www.seek.com.au/job/88289722?type=standard&ref=search-standalone&origin=jobCard#sol=960e03638ea853f4224c658631f6ca22b3fbbbe1,4h ago,4.0,2025-11-04T01:00:00+00:00,"South Yarra, Melbourne VIC (Hybrid)",Analysis & Reporting (Accounting),Full time,,"Who is Vivi‚ÄØ

Vivi is the only wireless screen mirroring and digital signage tool designed for education. We help IT help teachers help students with classroom technology that enhances collaboration, control, and creativity.¬†¬†

Vivi exists because we all had that one teacher who changed our life, who went above and beyond to serve as a role model and sage.‚ÄØThey guided discussion, connected with their students on a personal level, were just as engaging and entertaining as they were educational, and they created a dynamic learning environment by constantly involving students.

Those teachers are the masters of the social classroom.‚ÄØPersonalised learning environments have been proven to deliver better educational outcomes for individuals through increased participation and engagement. To successfully create such an environment requires a fluid, visual dialogue between teacher and student. This is why Vivi exists.‚ÄØVivi is used by over 825,000 teachers and students around the world and is setting out to disrupt the enormous education industry with our high-growth, ambitious, and creative team. In this rapidly evolving technology landscape, Vivi‚ÄØis always looking for new ways to disrupt the classroom‚ÄØexperience, enhance customer experiences and expand globally.

Opportunity Overview:‚ÄØ

The FP&A Analyst¬†will play a critical role in driving financial planning, budgeting, forecasting, and performance analysis across the business. The role works closely with stakeholders across Product, Sales, Customer Success, Marketing, Operations, Human Resources, and Executive Leadership to turn data into insight‚Äîand insight into action.

This is a high-impact role where financial expertise and business acumen will help shape key decisions as we scale our operations and product offerings.

This role is hybrid and is 3 days/week in-office at our South Yarra location.¬†

What you will do:

Collaborate with department heads to influence commercial decisions and drive profitability

Provide financial guidance on pricing, product launches and go-to-market strategies

Translate complex financial data into clear, actionable insights for non-finance stakeholders

Lead budgeting, modeling, and forecasting across different departments

Deliver monthly reporting packs with variance analysis and executive commentary

Build dynamic financial models to support scenario planning and investment decisions

Analyse key SaaS metrics including ARR, MRR, churn, CAC, LTV, and NRR

Partner with Sales and Marketing to assess campaign ROI and customer acquisition efficiency




What you will need:

Prior exposure to SaaS, tech, or subscription-based business models

You‚Äôre not just good with numbers‚Äîyou‚Äôre curious about what they mean. You ask ‚Äòwhy‚Äô and ‚Äòwhat if‚Äô to turn data into decisions

CA/CPA qualified

5+ years' experience in FP&A, commercial finance, or business partnering roles

Strong financial modelling skills

Demonstrated ability with BI tools and dashboard creation

Exceptional communication skills and ability to present to the Executive Team

Commercial mindset with a passion for data-driven strategy

Vivi is an equal opportunity employer. This means we are committed to recruiting, training, compensating and promoting our employees regardless of Race, Color, Ancestry, National Origin, Religion, Creed, Age, Disability, Sex, Gender, Sexual Orientation, Gender Identity, Gender expression, Medical condition, Genetic Information, Marital status, or Military or Veteran status. As an education technology organization, we are dedicated to reflecting the diversity, multiculturalism, and inclusion found in our consumers, employees, and partners. Inclusion is at the heart of what we do, from the way we craft our job descriptions to the values we champion daily."
88289482,Senior Technical Business Analyst,Profusion PAC Pty Ltd,https://www.seek.com.au/job/88289482?type=standard&ref=search-standalone&origin=jobCard#sol=ea6c4f50b0e8838b668abf88d52d457228d54148,4h ago,4.0,2025-11-04T01:00:00+00:00,Sydney NSW (Hybrid),Analysis & Reporting (Banking & Financial Services),Full time,,"Senior Technical Business Analyst
General Insurance Product Build ‚Äì Must have
Permanent opportunity with Salary up to $170k - $180k + Super + Bonus
Rapidly growing Insurance Fintech

Company Overview:
Our client is a specialist Insurance Fintech dedicated to offering specialist Insurance solutions to the Australasian market. Experiencing rapid growth and success, this company is currently looking for a high calibre Senior Technical Business Analyst to join their Technology team.
¬†¬†
Role Overview:

Work with the team on the GI product build experience- End to end product build experience required, must be on multiple platforms.
Work with a number of stakeholders to elicit, capture and document business requirements and write high quality user stories and functional and non-functional requirements
Map current and future business processes
Define, scope, and prioritise delivery of requirements against agreed projects
Identify, verify and address gaps in information provided by stakeholders
Negotiate trade-offs that are both acceptable to stakeholders and within budgetary, technical, regulatory, and operational constraints
Assist with change control management and validation
Review design and testing deliverables to ensure completeness of requirements
Identify and drive continuous improvement opportunities
Conducting requirement workshops and document high and low level requirements and acceptance criteria‚Äôs
Skills & Experience:

Solid Core Technical Business Analysis Experience
Must have experience with Technical General Insurance Product Build experience ‚Äì mandatory
Excellent verbal and written communication and proven quality stakeholder engagement skills ‚Äì
Strong attention to detail and ability to interact with a diverse group, executives, managers and subject matter experts
¬†¬†What's on Offer:

Opportunity to be a key contributor and join a growing organisation who are on an impressive growth trajectory
Working closely with a highly regarded CIO and Head of Technology
Permanent Opportunity paying $170,000 - $180,000 + super + Bonus
Flexible working environment - Sydney CBD offices
¬†¬†
How to apply:
If you have the above relevant experience, (General Insurance Technical Product Build Experience) and you have a passion for building products from the ground up, then this role at this fast growing Insurer could be for you, please click apply and we will be in touch to discuss the opportunity!"
88289436,Finance Business Partner,Bluefin Resources Pty Limited,https://www.seek.com.au/job/88289436?type=standard&ref=search-standalone&origin=jobCard#sol=511c03164dfd6cd57805a7eaceddc893c7d2b88b,4h ago,4.0,2025-11-04T01:00:00+00:00,Sydney NSW,Analysis & Reporting (Accounting),Contract/Temp,"AUD 150000 - 165000 per annum, $135,000-$150,000 +","Finance Business Partner ‚Äì Technology Industry
Sydney
¬†
Are you a commercially minded Finance Business Partner who thrives in a fast-paced, multinational environment? This is a fantastic opportunity to join a global brand as a key strategic advisor to key stakeholders across the ANZ leadership team, driving insights, profitability, and operational excellence across the divisions. You will partner closely with Sales and Finance leaders to deliver financial insights, business performance analysis, and commercial recommendations supporting business reviews, forecasting, and strategic planning.
¬†
Key responsibilities include:

Support key stakeholder across the business segments in providing value added business analysis with a focus on driving profitability and sustainability.
Provide analysis on product, pricing and promotions metrics.
Reporting, forecasting and analysis of financial performance including customer and product profitability, revenue, rebates efficiency and cost drivers.
Lead weekly & monthly forecast meetings to track performance against reporting.
Uncover and drive efficiencies around rebate programs supervising an offshore Rebates Analyst ensuring accuracy of claims.
Support commercial challenges impacting revenue recognition to include all the various revenue streams.
Leading analysis and process improvement around distributor rebate programs.
Support ROI tracking, Proof of Execution (POE), and Alliance funding compliance.
Support the audit, tax, and external compliance reporting requirements as required.
About You

CA/CPA qualified with proven previous experience in commercial finance / FP&A within the Technology / FMCG / Retail or Pharmaceutical industries.
5+ years‚Äô experience in financial planning, analysis, and business partnering.
Demonstrated rebates and GTN exposure, ideally across multi-channel environments.
Strong analytical and modelling skills.
Excellent communication skills, with the ability to influence and build credibility across senior stakeholders.
¬†
This is a temporary role that requires an immediate start. Please click to apply or email your CV to jane@bluefinresources.com.au"
88289241,Senior Business Analyst - ERP,Approach Consulting,https://www.seek.com.au/job/88289241?type=standard&ref=search-standalone&origin=jobCard#sol=a641a2e1e80465323af7e72366de30ac0a1cedc9,4h ago,4.0,2025-11-04T01:00:00+00:00,Canberra ACT,Business/Systems Analysts (Information & Communication Technology),Contract/Temp,$125/hr - $135/hr,"Position Overview
Approach Consulting have been engaged to support the recruitment of multiple Business Analyst roles within a key Federal Government Department, to uplift smaller agencies through essential ERP transformation and migration projects.

As part of a specialist multi-disciplinary team, you will play a key role in engaging with various agencies to workshop ERP solutions that align with the unique needs of their environment.¬†In particular, there will be a focus on the HR and Payroll systems.

These Business Analyst roles focus on translating business requirements into ICT solutions to ensure appropriate ERP options are selected across each agency, facilitating operational efficiency and improved service delivery.

Working in a dynamic, multi-stakeholder environment, you‚Äôll help address business impacts, risks, and requirements, supporting agencies in their journey to digital transformation.

Location - Canberra
These roles will be required to have 3 days on-site in Canberra each week with no remote options or interstate offices available.

ERP Technology
The Department already possess strong SAP knowledge, so it is most desirable that the Business Analysts will come with knowledge of alternative ERP solutions including:

TechnologyOne
Aurion
Workday
Peoplesoft
(or other)
Key Responsibilities

Engage with agency stakeholders to assess needs and translate business goals into clear, actionable ICT requirements for ERP solutions.
Develop detailed business requirements that are aligned with strategic objectives and ICT capacities.
Create user stories that accurately capture both functional and non-functional requirements, ensuring consideration for data management and compliance.
Ensure ERP solutions meet regulatory, legislative, and industry standards, providing business assurance throughout the transformation process.
Facilitate workshops and engagements that foster collaboration and enhance the success of ERP implementation projects.
Experience & Expertise

Demonstrated experience as a Business Analyst, preferably within government or HR Systems ERP-related projects.
Strong knowledge of business analysis methodologies and tools, with proven success in multi-stakeholder, complex environments.
Proficient in developing business requirements, user stories, and process flows that bridge business and ICT needs.
Excellent communication skills with the ability to engage effectively across diverse business and technical teams.
Qualifications

Bachelor‚Äôs degree in Business, IT, or a related field (or years of relevant experience)
Certification in Business Analysis (e.g., CBAP, Agile BA) is desirable.
To be eligible, you must be an Australian Citizen, and hold an active Baseline clearance (NV1 clearance is desirable).

How to apply
If you‚Äôre ready to drive change in a critical government transformation, apply today to contribute to this impactful ERP journey!

For a confidential discussion, please contact Andy on 0402 617 678 or Andy@approachconsult.com.au."
88289011,Business Analyst (Defence Perm),"Talent ‚Äì Specialists in tech, transformation & beyond",https://www.seek.com.au/job/88289011?type=standard&ref=search-standalone&origin=jobCard#sol=866c3e2b69bb27fbe407a911e8d56711919ddbfa,5h ago,5.0,2025-11-04T00:00:00+00:00,Sydney NSW (Hybrid),Analysts (Consulting & Strategy),Full time,,"Join a leading consultancy supporting Australia's Defence capability through process optimisation and sustainment excellence. We're seeking an experienced Business Analyst to develop and maintain the suite of processes that enable effective delivery within the Defence Sustainment Model.

Key Responsibilities


Develop and optimise processes supporting the Sustainment Model.
Integrate Logistics Information Systems (LIS) and Enterprise Resource Planning (ERP) tools into process design.
Create standardised processes, procedures, and work instructions aligned to ISO9001 and ISO55001.
Produce training and support materials to enable consistent user adoption.
Implement methods to monitor, update, and improve baselined processes.
Drive continuous improvement through structured review and consultation.

Essential Requirements


8+ years' experience as a Business Analyst or Process Improvement Specialist in complex or asset-intensive environments.
Active NV1 Security Clearance or higher
Demonstrated experience in process modelling, documentation, and governance.
Working knowledge of ISO9001 and ISO55001.
Proven ability to conduct process reviews, gap analyses, and deliver measurable improvements.
Strong analytical and problem-solving skills.

Why Join Us


Contribute directly to national Defence capability.
Work within a respected consulting team on high-impact projects.
Competitive remuneration and flexible engagement options.

Ready to Apply?
If you're a skilled Business Analyst ready to make a real impact in Defence, we'd love to hear from you."
88288933,EL1 Information Management Analyst,HorizonOne Recruitment,https://www.seek.com.au/job/88288933?type=standard&ref=search-standalone&origin=jobCard#sol=8b95a598d5f106099a31c805d2ebd5fb0aed5c72,5h ago,5.0,2025-11-04T00:00:00+00:00,Canberra ACT (Hybrid),Records Management & Document Control (Administration & Office Support),Full time,$65/hr - $80/hr + 15.4% Super,"This well-established federal government agency plays a critical role in supporting transparency, compliance and sustainable management of nationally significant resources.
¬†
As part of a broader transformation, the organisation is preparing to transition to a new records management environment and is focused on enhancing information governance and operational efficiency.
¬†
The Opportunity

Working as a senior specialist within the Information Management function, you will lead the review and redesign of the agency‚Äôs current enterprise records management structure. This is a strategic and hands-on role where you will assess the current state, identify gaps and compliance risks, and design future-ready solutions to support a planned system transition in mid-next year.
¬†
The contract is initially for three months, with a likely extension through to the end of the financial year. Due to anticipated budget constraints, further extension beyond that period is unlikely. Full remote work arrangements can be supported for the right candidate.
¬†
The Role

Assess the current records management structure, identifying inefficiencies, risks and improvement opportunities
Consult with stakeholders to understand recordkeeping needs, workflows and compliance obligations
Design a classification scheme and information architecture that aligns to current and future systems (e.g. SharePoint)
Ensure alignment with legislative and governance requirements, including National Archives of Australia standards
Provide documentation, uplift guidance and knowledge transfer to internal staff
Contribute to transition planning to support implementation¬†
The Ideal Person

You‚Äôll bring strong understanding of Commonwealth legislation and The ideal candidate will possess a deep understanding of Commonwealth legislation and compliance standards related to records governance. They will have demonstrated experience in managing information or records within complex or regulated environments, with prior work in the APS considered highly advantageous. Proficiency with Electronic Document and Records Management Systems (EDRMS), particularly tools such as Content Manager and SharePoint, is essential.

A strong analytical mindset is crucial, enabling the candidate to critically assess current-state issues and develop practical, forward-looking solutions. Success in this role also requires confident stakeholder engagement skills, with the ability to influence and drive change in challenging settings. The candidate should be self-sufficient and resilient, comfortable navigating ambiguity and working independently to deliver outcomes.

To be eligible for this position, you must hold a Baseline security clearance.

Candidates must be Australian citizens to be considered, and clearance will be arranged for successful applicants.
¬†
Salary / Rate

$65/hr - $80/hr + 15.4% Super
How to Apply

To apply online, please click on the appropriate link.
¬†
Alternatively, for a confidential discussion, please Guy Butler-Manuel on 02 6108 4878 quoting ref no 21131.
¬†
HorizonOne is committed to building a diverse and inclusive workforce and we encourage applications from people of all cultures, capabilities and backgrounds."
88288787,Property Analyst,Lawson Elliott Recruitment,https://www.seek.com.au/job/88288787?type=standard&ref=search-standalone&origin=jobCard#sol=12bb4d9e2ab159ed20727a71fc9e938ba4d92d36,5h ago,5.0,2025-11-04T00:00:00+00:00,Sydney NSW (Hybrid),Analysts (Real Estate & Property),Full time,$110k - $120k + Super + Bonus,"Employer of choice

Commercially focused analyst role

$110k - $120k + Super + Bonus

This high profile ASX listed diversified property group has a long history of success and innovation. Their culture is engaging, forwards thinking, inclusive and diverse, providing people with long term career opportunities across multiple divisions and roles.¬†

As part of their Analyst team you will be responsible for:

Portfolio level budgeting and forecasting

Preparation of internal valuations on a capitalisation and DCF approach

Leasing deal analysis including NPV analysis, cashflow forecasting, IRR calculation, scenario analysis etc

Portfolio reporting and analysis

Preparation of property related statistics i.e occupancy, WALE, leasing activity, tenancy stats, transactions etc

Analytical support to property, fund, and asset managers

Strategic planning and analysis

You will have a relevant degree (Accounting, Economics, Commerce etc) and 3+ years as an Analyst in a property group or be an Analyst with strong modelling, valuations (office, industrial or retail assets) and analysis skills coming from the Big 4 (Deals/Transactions teams).¬†You will have strong commercial acumen, excellent business partnering abilities, an adaptable approach and an innovative mindset.

Please send your resume to chris.dubuis@lawsonelliott.com.au quoting reference CD17155."
88288758,Property Analyst,Lawson Elliott Recruitment,https://www.seek.com.au/job/88288758?type=standard&ref=search-standalone&origin=jobCard#sol=da43f41ace5ae9404458ba9b8b27549de18b2e3b,5h ago,5.0,2025-11-04T00:00:00+00:00,Sydney NSW (Hybrid),Analysis & Reporting (Accounting),Full time,$110k - $120k + Super + Bonus,"Employer of choice

Commercially focused analyst role

$110k - $120k + Super + Bonus

This high profile ASX listed diversified property group has a long history of success and innovation. Their culture is engaging, forwards thinking, inclusive and diverse, providing people with long term career opportunities across multiple divisions and roles.¬†

As part of their Analyst team you will be responsible for:

Portfolio level budgeting and forecasting

Preparation of internal valuations on a capitalisation and DCF approach

Leasing deal analysis including NPV analysis, cashflow forecasting, IRR calculation, scenario analysis etc

Portfolio reporting and analysis

Preparation of property related statistics i.e occupancy, WALE, leasing activity, tenancy stats, transactions etc

Analytical support to property, fund, and asset managers

Strategic planning and analysis

You will have a relevant degree (Accounting, Economics, Commerce etc) and 3+ years as an Analyst in a property group or be an Analyst with strong modelling, valuations (office, industrial or retail assets) and analysis skills coming from the Big 4 (Deals/Transactions teams).¬†You will have strong commercial acumen, excellent business partnering abilities, an adaptable approach and an innovative mindset.

Please send your resume to chris.dubuis@lawsonelliott.com.au quoting reference CD17155."
88288293,Actuarial Systems Analyst,Launch Recruitment Pty Ltd,https://www.seek.com.au/job/88288293?type=standard&ref=search-standalone&origin=jobCard#sol=4af5f83f7d58cb540a50c6fb349e2fbadfdb4678,5h ago,5.0,2025-11-04T00:00:00+00:00,Sydney NSW (Hybrid),Actuarial (Insurance & Superannuation),Contract/Temp,,"Actuarial Systems Analyst - 12 Month Contract
Sydney | Hybrid Work | Global Financial Services Leader
¬†
Join a global insurance organisation that's empowering digital transformation and championing employee wellbeing. As one of the world's most admired companies, they're leading the way in creating a brighter future for their people, customers, and communities.
¬†
This 12-month contract offers the opportunity to work within a values-led, inclusive, and forward-thinking environment where what you do truly matters.

About the Role
An exciting opportunity exists for an Actuarial Systems Analyst to join the Finance & Actuarial Systems team.
In this role, you will:

Develop and maintain Life actuarial models used for analytics and reporting
Evaluate actuarial processes, perform statistical analyses, and interpret model results
Partner with stakeholders to understand business needs and deliver actionable insights
Contribute to continuous improvement and automation initiatives
About You
To be successful, you'll bring:

Experience in actuarial or financial services
Relevant tertiary qualifications and completion of Actuarial Part 1 exams
Development experience with Prophet Professional
Strong coding skills (minimum 12 months' experience with R; Python and cloud skills highly regarded)
Background in data analysis, experimentation, and dashboard development
Excellent communication and stakeholder management skills
How to Apply
If you're ready to take the next step in your actuarial career and be part of a transformative, global organisation making a real impact ‚Äî we'd love to hear from you.
Apply today or reach out for a confidential discussion."
88287338,Senior ICT Business Analyst,NSW Police Force,https://www.seek.com.au/job/88287338?type=standard&ref=search-standalone&origin=jobCard#sol=cfc6bf336078a52c6b2da1cc3cc24de5f71e8a7d,6h ago,6.0,2025-11-03T23:00:00+00:00,"Parramatta, Sydney NSW","Business/Systems Analysts (Information & Communication Technology)
Government - State (Government & Defence)",Contract/Temp,"$149,739 - $156,088","Computer Systems Officer Grade 5
2x Temporary Full-Time up to December 2026
Parramatta & Sydney Olympic Park


About us

The NSW Police Force (NSWPF) is one of the largest police forces in the western world, with more than 20,000 employees, including more than 4,000 administrative employees who support the sworn officers that provide a range of law and order services 24 hours a day, seven days a week to the socially, geographically and culturally diverse community of NSW.


About the role

We have an opportunity for 2 x Senior ICT Business Analysts¬†to be part of our Project Managment Office, Technology & Communication Services Command. The role works with relevant stakeholders to understand business needs; capture, analyse and document requirements; and support the delivery of ICT solutions that meet business needs.

Join the PMO team at NSW Police Force as a Senior ICT Business Analyst and help shape the delivery of technology solutions that support critical policing and corporate operations. In this role, you‚Äôll work closely with stakeholders to understand business needs, capture and analyse requirements, and support the delivery of ICT capabilities that drive strategic and operational outcomes.¬†

You‚Äôll bring demonstrated high-level business analysis skills and significant experience delivering analysis across complex programs and projects. Your ability to conduct gap analyses, develop business cases, and translate technical concepts into plain language will be key to optimising performance and enabling continuous improvement.¬†

This role also requires strong knowledge of architecture frameworks and governance project management tools, along with the ability to lead integration of new capabilities into enterprise systems while maintaining alignment with organisational strategy

View the relevant role description for more information on this role (e.g. essential requirements, key accountabilities, key challenges and capabilities required for the role)

What we can offer you

At NSWPF our people have access to a range of benefits that help balance life at work and at home. Some of the benefits available when you join the NSWPF include:

competitive salary;
flexible work options;
opportunity to purchase leave;
annual leave loading;
corporate wellbeing programs including seminars and the Fitness Passport;
free annual influenza vaccination;
salary packaging options via superannuation contributions or a novated vehicle lease;
convenient location for public transport and to shops etc; and
in-house gym facilities. (Parramatta)

How to Apply

Applications can only be submitted electronically via the I Work for NSW website.

To be considered for this role, attach a cover letter (2 pages maximum) and an up-to-date resume that clearly details your skills & experience as relevant to this role.

Please do not attach copies of qualifications, certificates or documentation (other than what has been requested) - you can bring these if called for interview.

Please address each of the following Target Questions (500 words per question) in the text boxes provided in the online application or attach as a separate document.

Target Question 1:

Can you describe how you‚Äôve worked across both technical and business teams to align ICT capabilities with business processes during a system enhancement or transformation project? What approach did you take to ensure the solution was scalable and strategically aligned with future needs?


Target Question 2:

Tell us about a time when you collaborated with internal stakeholders and external partners to identify and document business requirements for a new project. How did you ensure governance structures supported decision-making, accountability, and alignment with business objectives?

Your application must stand on its own merits, and the completeness and relevance of your application will determine if you proceed through to the selection process.

If you require any further information about this opportunity, please contact the hiring manager Shammi Rahman via (02)8835 9562.

To be eligible to apply for this role, you must meet one of the following statuses:¬†

an Australian Citizen;
a permanent resident of Australia; or
a New Zealand citizen.

Prior to commencement, the successful candidate will be required to undergo a rigorous National Police (criminal history) Check and obtain and maintain a Security Clearance as determined by the NSW Police Force.

Our commitment to Diversity:

The NSW Police Force is a proud employer of a diverse range of people. We are committed to reflecting the diverse community we serve and creating an inclusive and respectful workplace for all employees. Differences are embraced, contributions are valued, and everyone has a sense of connection and belonging.

We welcome people with diverse skills, experiences, perspectives and backgrounds and encourage applications from Aboriginal or Torres Strait Islander peoples, and individuals who may identify as LGBTIQ, with disability, a culturally and linguistically diverse background, and people of all ages.

If you identify as a person with disability and require further information on the role or you require specific arrangements to participate in the recruitment process, please contact the HR Diversity Team by email at PCC-INCLUSION@police.nsw.gov.au.

If you identify as Aboriginal or Torres Strait Islander and would like assistance with your application, please contact the NSWPF Aboriginal Employment & Engagement team at PCC-AEET@police.nsw.gov.au.

This recruitment may be used to create a Talent Pool for similar future roles (ongoing or temporary) that may arise over the next 18 months.

For more information on applying for roles with the NSW Police Force click here

Thank you for your interest in this role. We look forward to receiving your application."
88287158,Senior AI / Machine Learning Engineer ‚Äì Leading Finance Organization,The Recruitment Company,https://www.seek.com.au/job/88287158?type=standard&ref=search-standalone&origin=jobCard#sol=1c2acd316799372400ffc55a5b12502bbecb2d33,7h ago,7.0,2025-11-03T22:00:00+00:00,Sydney NSW (Hybrid),Engineering - Software (Information & Communication Technology),Full time,Great Salary plus a bonus of up to 15% on top,"Join a fast-moving financial services organisation as a Senior AI / Machine Learning Engineer, where you‚Äôll design and deliver advanced AI systems that create meaningful impact across digital experiences, customer touchpoints, fraud detection, and operational automation.


You‚Äôll work alongside talented Engineers and Data Scientists to shape and deliver AI-driven solutions that enhance customer experience, digital channels, and operational efficiency ‚Äî delivering tangible, measurable outcomes for the business.

Why Join?

Award Winning Finance Organization, with a supportive culture
Clear career development plans to support your continual growth
Collaborative, forward-thinking culture with genuine career acceleration
Innovative, passionate team that values technical excellence and continuous learning
Hybrid and flexible working arrangements

Technical Experience

Strong Python (async, production-grade), PyTorch, TensorFlow
GenAI and NLP: LLM fine-tuning, prompt engineering, RAG, LangChain, LangGraph, CrewAI
Microservices, REST APIs, event-driven systems
Hands-on experience with Generative and Agentic AI projects

Bonus Skills

Experience applying Generative and Agentic AI to voice recognition, digital CX automation, call deflection, or intelligent routing
Real-time NLP, voice-to-text, and CRM or customer journey integrations

If you‚Äôre ready to build AI systems that redefine how customers engage across digital channels, we‚Äôd love to hear from you.
Interviews happening next week.
For a confidential discussion, text Anna-Maria on 0426 503 822 and I will get back to you."
88286896,Transformation Lead ‚Äì Workforce productivity,Virgin Australia,https://www.seek.com.au/job/88286896?type=standard&ref=search-standalone&origin=jobCard#sol=66679a3dfe486a0dc55a7446747ff9d50fae3fd5,7h ago,7.0,2025-11-03T22:00:00+00:00,Brisbane QLD (Hybrid),Management & Change Consulting (Consulting & Strategy),Full time,,"Hello. We‚Äôre Virgin Australia. We‚Äôre the airline that‚Äôs always done things a little different. Our way. The Virgin way. We‚Äôre on a mission to make flying better than ‚Äònice‚Äô. And to do that, it takes a team of talented people who are passionate about customer experience, doing the right thing always, with a focus on safety ‚Äì in the air, on the ground and in our workplaces. A team who values real diversity and inclusion, in a big brand with big ambitions.

¬†

What you‚Äôll be doing:

As the Transformation Lead ‚Äì Workforce productivity, you‚Äôll be the subject matter expert driving the delivery of complex transformation programs that shape the future of our frontline employee operations. In this position, you will play a pivotal role in analysing data, and identifying opportunities to improve labour productivity to ensuring our workforce is optimally aligned to meet operational demand.

This dynamic position blends hands-on delivery with strategic program leadership, supporting Virgin Australia‚Äôs mission to build a more efficient, commercially focused, and engaging operation.

In addition you will:

Partner with key stakeholders across Cabin Crew, Flight Crew, Airport and Engineering and Maintenance teams, and internal teams to deliver transformation initiatives that drive efficiency and engagement.
Analyse workforce, productivity, and operational data to identify trends, opportunities, and areas for optimisation.
Develop and implement strategies to align the inflight workforce with operational demand, ensuring sustainable labour efficiency.
Support the design and delivery of transformation programs that improve performance, simplify processes, and enhance the crew experience.
Provide insights and recommendations to senior leadership to inform decision making and strategic workforce planning.
Collaborate with Finance and People teams to model workforce scenarios and track productivity outcomes.
Lead change management and communication efforts to ensure successful adoption of new ways of working.
Contribute to EA planning and drive the transformation agenda
Monitor and report on transformation program progress, identifying risks, dependencies, and required interventions.

¬†

You‚Äôll be great in this role if you:

Possess 5+ years of experience in management consulting or a comparable analytical and transformation focused environment.
Have experience working within or alongside the aviation industry (highly regarded).
Demonstrate strong analytical and problem-solving capability, with the ability to interpret complex data and translate insights into actionable strategies.
Take full ownership of a portfolio of transformation initiatives, driving them through to successful delivery.
Undertake comprehensive research and analysis using internal and external data sources to inform evidence-based recommendations.
Lead and guide team members, where appropriate, in conducting analysis and developing program outputs.
Consistently deliver high-quality recommendations supported by robust data and sound commercial reasoning.
Prepare clear, accurate, and well-structured materials to communicate findings and recommendations effectively to stakeholders.
Proactively identify, assess, and manage risks and issues associated with project delivery.

¬†

What you‚Äôll get from us

We‚Äôre committed to looking after you, with some of the best benefits and conditions in the industry ‚Äì including (but not limited to):

Heavily discounted air travel for you and your loved ones (including $1000 worth of travel credits per year)
Flexible working arrangements (including work hours and work from home)
Discounts on travel insurance, car hire, accommodation and experiences worldwide
Discounted Virgin Australia Lounge membership
Hospitality, retail, technology, beauty services and wellness discounts
Wellness support, including the betterme digital wellbeing platform
A comprehensive Employee Assistance Program, which offers confidential coaching and support from qualified professionals for all aspects of life ‚Äì physical, mental, social and financial
Dress for Your Day ‚Äì enjoy the freedom to wear whatever is appropriate for the type of work you do and the day you have ahead of you¬†

Equality rules

We‚Äôre all individuals. We love that. That‚Äôs why we encourage applications from Indigenous Australians, people with disability, those from diverse cultural backgrounds, our friends in the LGBTQI+ community, and anyone else who wants to join our family.

Ready to apply?

We‚Äôre ready to hear from you. Apply now."
